"cod_isco4","cod_isco2","txt_isco4"
110,11,"Offiziere in regulären Streitkräften"
210,21,"Unteroffiziere in regulären Streitkräften"
310,31,"Angehörige der regulären Streitkräfte in sonstigen Rängen"
1000,100,"Führungskräfte, onA"
1100,110,"Geschäftsführer, Vorstände, leitende Verwaltungsbedienstete und Angehörige gesetzgebender Körperschaften, onA"
1110,111,"Angehörige gesetzgebender Körperschaften und leitende Verwaltungsbedienstete, onA"
1111,111,"Angehörige gesetzgebender Körperschaften"
1112,111,"Leitende Verwaltungsbedienstete"
1113,111,"Traditionelle Dorf- und Stammeshäuptlinge"
1114,111,"Leitende Bedienstete von Interessenorganisationen"
1120,112,"Geschäftsführer und Vorstände"
1200,120,"Führungskräfte im kaufmännischen Bereich, onA"
1210,121,"Führungskräfte in der betrieblichen Administration und in unternehmensbezogenen Dienstleistungen, onA"
1211,121,"Führungskräfte im Bereich Finanzen"
1212,121,"Führungskräfte im Personalwesen"
1213,121,"Führungskräfte in Unternehmenspolitik und -planung"
1219,121,"Führungskräfte in der betrieblichen Administration und in unternehmensbezogenen Dienstleistungen, anderweitig nicht genannt"
1220,122,"Führungskräfte in Vertrieb, Marketing und Entwicklung, onA"
1221,122,"Führungskräfte in Vertrieb und Marketing"
1222,122,"Führungskräfte in Werbung und Öffentlichkeitsarbeit"
1223,122,"Führungskräfte in Forschung und Entwicklung"
1300,130,"Führungskräfte in der Produktion und bei spezialisierten Dienstleistungen, onA"
1310,131,"Führungskräfte in der Produktion in Land- und Forstwirtschaft und Fischerei, onA"
1311,131,"Führungskräfte in der Produktion in Land- und Forstwirtschaft"
1312,131,"Führungskräfte in der Produktion in Aquakultur und Fischerei"
1320,132,"Führungskräfte in der Produktion von Waren, im Bergbau und im Bau sowie in der Logistik, onA"
1321,132,"Führungskräfte in der Produktion von Waren"
1322,132,"Führungskräfte in der Produktion im Bergbau"
1323,132,"Führungskräfte in der Produktion im Bau"
1324,132,"Führungskräfte in der Beschaffung, Logistik und in verwandten Bereichen"
1330,133,"Führungskräfte in der Erbringung von Dienstleistungen im Bereich Informations- und Kommunikationstechnologie"
1340,134,"Führungskräfte in der Erbringung von spezialisierten Dienstleistungen, onA"
1341,134,"Führungskräfte in der Erbringung von Dienstleistungen der Kinderbetreuung"
1342,134,"Führungskräfte in der Gesundheitsversorgung"
1343,134,"Führungskräfte in der Erbringung von Dienstleistungen für Menschen im Alter"
1344,134,"Führungskräfte in der Erbringung von Dienstleistungen der sozialen Institutionen"
1345,134,"Führungskräfte in der Erbringung von Dienstleistungen des Bildungswesens"
1346,134,"Führungskräfte in der Erbringung von Finanz- und Versicherungsdienstleistungen"
1349,134,"Führungskräfte in der Erbringung von spezialisierten Dienstleistungen, anderweitig nicht genannt"
1400,140,"Führungskräfte in Hotels und Restaurants, im Handel und in der Erbringung sonstiger Dienstleistungen, onA"
1410,141,"Führungskräfte in Hotels und Restaurants, onA"
1411,141,"Führungskräfte in Hotels"
1412,141,"Führungskräfte in Restaurants"
1420,142,"Führungskräfte in Gross- und Einzelhandel"
1430,143,"Führungskräfte in der Erbringung sonstiger Dienstleistungen, onA"
1431,143,"Führungskräfte in der Erbringung von Dienstleistungen im Bereich Sport, Erholung und Kultur"
1439,143,"Führungskräfte in der Erbringung von Dienstleistungen, anderweitig nicht genannt"
2000,200,"Intellektuelle und wissenschaftliche Berufe, onA"
2100,210,"Naturwissenschaftler, Mathematiker und Ingenieure, onA"
2110,211,"Physiker, Chemiker, Geologen und verwandte Berufe, onA"
2111,211,"Physiker und Astronomen"
2112,211,"Meteorologen"
2113,211,"Chemiker"
2114,211,"Geologen und Geophysiker"
2120,212,"Mathematiker, Aktuare und Statistiker"
2130,213,"Biowissenschaftler, onA"
2131,213,"Biologen, Botaniker, Zoologen und verwandte Berufe"
2132,213,"Agrar-, Forst- und Fischereiwissenschaftler und -berater"
2133,213,"Umweltwissenschaftler"
2140,214,"Ingenieurwissenschaftler (ohne Elektrotechnik, Elektronik und Telekommunikation), onA"
2141,214,"Prozess- und Produktionsingenieure"
2142,214,"Bauingenieure"
2143,214,"Umweltschutzingenieure"
2144,214,"Maschinenbau- , Mechatronik- und Systemtechnikingenieure"
2145,214,"Chemieingenieure"
2146,214,"Bergbauingenieure, Metallurgen und verwandte Berufe"
2149,214,"Ingenieure, anderweitig nicht genannt"
2150,215,"Ingenieure in den Bereichen Elektrotechnik, Elektronik und Telekommunikationstechnik, onA"
2151,215,"Ingenieure im Bereich Elektrotechnik"
2152,215,"Ingenieure im Bereich Elektronik"
2153,215,"Ingenieure im Bereich Telekommunikationstechnik"
2160,216,"Architekten, Raum-, Stadt- und Verkehrsplaner, Vermessungsingenieure und Designer, onA"
2161,216,"Architekten, Innenarchitekten"
2162,216,"Landschaftsarchitekten"
2163,216,"Produkt- und Textildesigner"
2164,216,"Raum-, Stadt- und Verkehrsplaner"
2165,216,"Kartografen und Vermessungsingenieure"
2166,216,"Grafik- und Multimediadesigner"
2200,220,"Spezialisten in Gesundheitsberufen, onA"
2210,221,"Ärzte, onA"
2211,221,"Allgemeinärzte"
2212,221,"Fachärzte"
2220,222,"Pflegedienstleitern, Pflegefachkräfte und Geburtshilfespezialisten, onA"
2221,222,"Pflegedienstleiter und Pflegefachkräfte"
2222,222,"Geburtshilfespezialisten"
2230,223,"Spezialisten der traditionellen und komplementären Medizin"
2240,224,"Feldscher und vergleichbare paramedizinische Praktiker"
2250,225,"Tierärzte"
2260,226,"Sonstige Spezialisten in Gesundheitsberufen, onA"
2261,226,"Zahnärzte"
2262,226,"Apotheker"
2263,226,"Spezialisten in den Bereichen Umwelt- und Arbeitsmedizin sowie Hygiene"
2264,226,"Physiotherapeuten"
2265,226,"Diätologen und Ernährungsberater"
2266,226,"Audiologen und Sprachtherapeuten"
2267,226,"Optometristen und Orthoptisten"
2269,226,"Spezialisten in Gesundheitsberufen, anderweitig nicht genannt"
2300,230,"Lehrkräfte, onA"
2310,231,"Universitäts- und Hochschullehrer"
2320,232,"Lehrkräfte im Bereich Berufsbildung"
2330,233,"Lehrkräfte im Sekundarbereich"
2340,234,"Lehrkräfte im Primar- und Vorschulbereich, onA"
2341,234,"Lehrkräfte im Primarbereich"
2342,234,"Lehrkräfte und Erzieher im Vorschulbereich"
2350,235,"Sonstige Lehrkräfte, onA"
2351,235,"Pädagogik- und Didaktikspezialisten"
2352,235,"Lehrkräfte im Bereich Sonderpädagogik"
2353,235,"Sprachlehrer"
2354,235,"Musiklehrer"
2355,235,"Kunstlehrer"
2356,235,"Ausbilder im Bereich Informationstechnologie"
2359,235,"Lehrkräfte, anderweitig nicht genannt"
2400,240,"Betriebswirte und vergleichbare Spezialisten, onA"
2410,241,"Spezialisten im Bereich Finanzen, onA"
2411,241,"Wirtschaftsprüfer, Steuerberater und verwandte Berufe"
2412,241,"Finanz- und Anlageberater"
2413,241,"Finanzanalysten"
2420,242,"Spezialisten der betrieblichen Verwaltung, onA"
2421,242,"Spezialisten im Bereich Management- und Organisationsanalyse"
2422,242,"Spezialisten in der strategischen Planung in Politik und Wirtschaft"
2423,242,"Berufsberater und -analytiker und vergleichbare Spezialisten der Personalwesen"
2424,242,"Fachkräfte in Personalschulung und -entwicklung"
2430,243,"Spezialisten in Vertrieb, Marketing und Öffentlichkeitsarbeit, onA"
2431,243,"Fachkräfte in Marketing und Werbung"
2432,243,"Fachkräfte in der Öffentlichkeitsarbeit"
2433,243,"Technische Verkaufsfachkräfte (ohne Informations- und Kommunikationstechnologie)"
2434,243,"Technische Verkaufsfachkräfte in der Informations- und Kommunikationstechnologie"
2500,250,"Spezialisten in der Informations- und Kommunikationstechnologie, onA"
2510,251,"Entwickler und Analytiker von Software und Anwendungen, onA"
2511,251,"Systemanalytiker"
2512,251,"Softwareentwickler"
2513,251,"Mediamatiker"
2514,251,"Anwendungsprogrammierer"
2519,251,"Entwickler und Analytiker von Software und Anwendungen, anderweitig nicht genannt"
2520,252,"Fachkräfte für Datenbanken und Netzwerke, onA"
2521,252,"Datenbankentwickler und -administratoren"
2522,252,"Systemadministratoren"
2523,252,"Fachkräfte für Computernetzwerke"
2529,252,"Fachkräfte für Datenbanken und Netzwerke, anderweitig nicht genannt."
2600,260,"Juristen, Sozialwissenschaftler und Kulturberufe, onA"
2610,261,"Juristen, onA"
2611,261,"Anwälte"
2612,261,"Richter"
2619,261,"Juristen, anderweitig nicht genannt"
2620,262,"Archiv-, Bibliotheks- und Museumswissenschaftler, onA"
2621,262,"Archiv- und Museumswissenschaftler"
2622,262,"Bibliothekswissenschaftler und verwandte Informationswissenschaftler"
2630,263,"Sozialwissenschaftler, Geistliche und Seelsorger, onA"
2631,263,"Volkswirtschaftler"
2632,263,"Soziologen, Anthropologen und verwandte Wissenschaftler"
2633,263,"Philosophen, Historiker und Politologen"
2634,263,"Psychologen"
2635,263,"Sozialarbeiter"
2636,263,"Geistliche Seelsorger"
2640,264,"Autoren, Journalisten und Linguisten, onA"
2641,264,"Autoren und verwandte schriftstellerische Berufe"
2642,264,"Journalisten"
2643,264,"Übersetzer, Dolmetscher und andere Linguisten"
2650,265,"Bildende und darstellende Künstler, onA"
2651,265,"Bildende Künstler"
2652,265,"Musiker, Sänger und Komponisten"
2653,265,"Tänzer und Choreografen"
2654,265,"Regisseure und Produzenten im Film- und Bühnenbereich sowie in verwandten Bereichen"
2655,265,"Schauspieler"
2656,265,"Sprecher im Rundfunk, Fernsehen und sonstigen Medien"
2659,265,"Bildende und darstellende Künstler, anderweitig nicht genannt"
3000,300,"Techniker und gleichrangige nichttechnische Berufe, onA"
3100,310,"Ingenieurtechnische und vergleichbare Fachkräfte, onA"
3110,311,"Material- und ingenieurtechnische Fachkräfte, onA"
3111,311,"Chemo- und Physikotechniker"
3112,311,"Bauführer und Bautechniker"
3113,311,"Elektrotechniker"
3114,311,"Techniker im Bereich Elektronik"
3115,311,"Maschinenbautechniker, Techniker im Bereich Systemtechnik, Automation und Unternehmensprozesse"
3116,311,"Chemiebetriebs- und Verfahrenstechniker"
3117,311,"Bergbau- und Hüttentechniker"
3118,311,"Technische Zeichner"
3119,311,"Material- und ingenieurtechnische Fachkräfte, anderweitig nicht genannt"
3120,312,"Produktionsleiter im Bergbau, bei der Herstellung von Waren, Polier und Vorarbeiter im Bau, onA"
3121,312,"Produktionsleiter im Bergbau"
3122,312,"Produktionsleiter bei der Herstellung von Waren"
3123,312,"Poliere und Vorarbeiter"
3130,313,"Techniker in der Prozesssteuerung, onA"
3131,313,"Steuerer von Energieerzeugungsanlagen"
3132,313,"Steuerer von Verbrennungs- und Wasserbehandlungsanlagen"
3133,313,"Steuerer von chemischen Verfahrensanlagen"
3134,313,"Steuerer von Erdöl- und Erdgasraffinationsanlagen"
3135,313,"Steuerer von Verfahren in der Metallerzeugung"
3139,313,"Techniker in der Prozesssteuerung, anderweitig nicht genannt"
3140,314,"Biotechniker und verwandte technische Berufe, onA"
3141,314,"Biotechniker (ohne medizinische Fachberufe)"
3142,314,"Agrartechniker"
3143,314,"Forsttechniker"
3150,315,"Schiffsführer, Flugzeugpiloten und verwandte Berufe, onA"
3151,315,"Technische Schiffsoffiziere"
3152,315,"Schiffsführer, nautische Schiffsoffiziere und Schiffslotsen"
3153,315,"Flugzeugpiloten und verwandte Berufe"
3154,315,"Flugverkehrslotsen"
3155,315,"Flugsicherungstechniker"
3200,320,"Assistenzberufe im Gesundheitswesen, onA"
3210,321,"Medizinische und pharmazeutische Fachberufe, onA"
3211,321,"Medizintechniker im Bereich bildgebende Verfahren und Therapiegeräte"
3212,321,"Medizintechniker im Bereich Labor und Pathologie"
3213,321,"Pharmazeutische Techniker und Assistenten"
3214,321,"Medizinische und zahnmedizinische Prothetiktechniker"
3220,322,"Fachkräfte Geburtshilfe, Gesundheit und Pflege (mittlere Stufe), onA"
3221,322,"Fachkräfte Gesundheit und Pflege (mittlere Stufe)"
3222,322,"Fachkräfte Geburtshilfe (mittlere Stufe)"
3230,323,"Fachkräfte in traditioneller und komplementärer Medizin"
3240,324,"Veterinärmedizinische Fachkräfte und Assistenten"
3250,325,"Sonstige Assistenzberufe im Gesundheitswesen, onA"
3251,325,"Zahnmedizinische Assistenten und Dentalhygieniker"
3252,325,"Fachkräfte im Bereich medizinische Dokumentation und Information"
3253,325,"Fachkräfte in der öffentlichen Gesundheitsfürsorge"
3254,325,"Augenoptiker"
3255,325,"Physiotherapeutische Techniker und Assistenten"
3256,325,"Medizinische Assistenten"
3257,325,"Kontrolleure und Beauftragte in den Bereichen Umwelt- und Arbeitsmedizin sowie verwandte Berufe"
3258,325,"Rettungsdienstpersonal"
3259,325,"Assistenzberufe im Gesundheitswesen, anderweitig nicht genannt"
3300,330,"Betriebswirtschaftliche und kaufmännische Fachkräfte und Verwaltungsfachkräfte, onA"
3310,331,"Fachkräfte im Bereich Finanzen und mathematische Verfahren, onA"
3311,331,"Wertpapierhändler, -makler und Finanzmakler"
3312,331,"Fachkräfte im Bereich Kredit und Darlehen"
3313,331,"Fachkräfte im Rechnungswesen"
3314,331,"Statistische, mathematische und verwandte Fachkräfte"
3315,331,"Schätzer und Schadensgutachter"
3320,332,"Verkaufsfachkräfte, Einkäufer und Handelsmakler, onA"
3321,332,"Versicherungsvertreter"
3322,332,"Verkaufsfachkräfte"
3323,332,"Einkäufer"
3324,332,"Handelsmakler"
3330,333,"Fachkräfte für unternehmensbezogene Dienstleistungen, onA"
3331,333,"Fachkräfte für Abrechnungs- und Speditionsdienstleistungen"
3332,333,"Konferenz- und Veranstaltungsplaner"
3333,333,"Arbeits- und Personalvermittler"
3334,333,"Immobilienmakler und -verwalter"
3339,333,"Fachkräfte für unternehmensbezogene Dienstleistungen, anderweitig nicht genannt"
3340,334,"Sekretariatsfachkräfte, onA"
3341,334,"Sekretariatsleiter"
3342,334,"Sekretariatsfachkräfte im juristischen Bereich"
3343,334,"Sekretariatsfachkräfte in Verwaltung und Geschäftsleitung"
3344,334,"Sekretariatsfachkräfte im Gesundheitswesen"
3350,335,"Fachkräfte in der öffentlichen Verwaltung, onA"
3351,335,"Fachkräfte im Zolldienst und Grenzschutz"
3352,335,"Fachkräfte in der Steuerverwaltung"
3353,335,"Fachkräfte in Sozialverwaltung und -versicherung"
3354,335,"Fachkräfte bei staatlichen Pass-, Lizenz- und Genehmigungsstellen"
3355,335,"Polizeikommissare und Kriminalbeamte"
3359,335,"Fachkräfte in der öffentlichen Verwaltung, anderweitig nicht genannt"
3400,340,"Juristische, soziale, kulturelle und verwandte Fachkräfte, onA"
3410,341,"Juristische, soziale und religiöse Berufe, onA"
3411,341,"Fachkräfte für Rechts- und verwandte Angelegenheiten"
3412,341,"Soziale Fachkräfte"
3413,341,"Ordensbrüder/-schwestern und Seelsorgehelfer"
3420,342,"Fachkräfte im Bereich Sport und Fitness, onA"
3421,342,"Athleten und Berufssportler"
3422,342,"Sportlehrer, Sporttrainer und Sportfunktionäre"
3423,342,"Trainer und Betreuer im Bereich Fitness und Erholung"
3430,343,"Fachkräfte in Gestaltung und Kultur sowie Küchenchefs, onA"
3431,343,"Fotografen"
3432,343,"Raumgestalter und Dekorateure"
3433,343,"Fachkräfte in Kunstgalerien, Museen und Bibliotheken"
3434,343,"Küchenchefs, stv. Küchenchefs und Souschefs"
3435,343,"Sonstige Fachkräfte in Gestaltung und Kultur"
3500,350,"Informations- und Kommunikationstechniker, onA"
3510,351,"Techniker für den Betrieb von Informations- und Kommunikationstechnologie und für die Anwenderbetreuung, onA"
3511,351,"Techniker für den Betrieb von Informations- und Kommunikationstechnologie"
3512,351,"Techniker für die Anwenderbetreuung in der Informations- und Kommunikationstechnologie"
3513,351,"Techniker für Computernetzwerke und -systeme"
3514,351,"Webmaster"
3520,352,"Telekommunikations- und Rundfunktechniker, onA"
3521,352,"Techniker für Rundfunk und audiovisuelle Medien"
3522,352,"Telekommunikationstechniker"
4000,400,"Bürokräfte und verwandte Berufe, onA"
4100,410,"Allgemeine Büro- und Sekretariatskräfte, onA"
4110,411,"Allgemeine Bürokräfte"
4120,412,"Sekretariatskräfte (allgemein)"
4130,413,"Schreibkräfte und Datenerfasser, onA"
4131,413,"Schreibkräfte und Bediener von Textverarbeitungsanlagen"
4132,413,"Datenerfasser"
4200,420,"Bürokräfte mit Kundenkontakt, onA"
4210,421,"Schalterbedienstete, Inkassobeauftragte und verwandte Berufe, onA"
4211,421,"Schalterbedienstete und Fachkräfte im Bereich Finanzdienstleistungen"
4212,421,"Buchmacher, Croupiers und verwandte Berufe im Bereich Glücks- und Wettspiele"
4213,421,"Pfandleiher und Geldverleiher"
4214,421,"Inkassobeauftragte und verwandte Berufe"
4220,422,"Berufe im Bereich Kundeninformation, onA"
4221,422,"Reiseverkehrsfachkräfte"
4222,422,"Kundeninformationsfachkräfte in Call Centers"
4223,422,"Telefonisten"
4224,422,"Hotelrezeptionisten"
4225,422,"Auskunftspersonal"
4226,422,"Empfangskräfte (allgemein)"
4227,422,"Interviewer im Bereich Umfragen und Marktforschung"
4229,422,"Berufe im Bereich Kundeninformation, anderweitig nicht genannt"
4300,430,"Bürokräfte im Finanz- und Rechnungswesen, in der Statistik und in der Materialwirtschaft, onA"
4310,431,"Bürokräfte im Finanz- und Rechnungswesen und in der Statistik, onA"
4311,431,"Bürokräfte im Rechnungswesen und in der Buchhaltung"
4312,431,"Bürokräfte in der Statistik, im Finanz- und Versicherungswesen"
4313,431,"Bürokräfte in der Lohnbuchhaltung"
4320,432,"Bürokräfte im Bereich Materialwirtschaft und Transport und verwandte Berufe, onA"
4321,432,"Fachkräfte in der Lagerwirtschaft"
4322,432,"Bürokräfte in der Material- und Fertigungsplanung und verwandte Berufe"
4323,432,"Bürokräfte in der Transportwirtschaft und verwandte Berufe"
4410,441,"Sonstige Bürokräfte und verwandte Berufe, onA"
4411,441,"Bibliotheksassistenten"
4412,441,"Postverteiler und -sortierer"
4413,441,"Kodierer, Korrekturleser und verwandte Bürokräfte"
4414,441,"Schreiber und verwandte Arbeitskräfte"
4415,441,"Bürokräfte für Registratur und Dokumentation"
4416,441,"Bürokräfte im Personalwesen"
4419,441,"Bürokräfte und verwandte Berufe, anderweitig nicht genannt"
5000,500,"Dienstleistungsberufe und Verkäufer, onA"
5100,510,"Berufe im Bereich personenbezogener Dienstleistungen, onA"
5110,511,"Reisebegleiter, Schaffner und Reiseleiter, onA"
5111,511,"Reisebegleiter und Stewards"
5112,511,"Schaffner"
5113,511,"Reiseleiter/Fremdenführer"
5120,512,"Köche"
5130,513,"Chefs de service, Servicefach-, Servicehilfskräfte in Restaurants und Barkeeper, onA"
5131,513,"Chefs de service, Servicefach- und Servicehilfskräfte in Restaurants"
5132,513,"Barkeeper"
5140,514,"Coiffeurs, Kosmetiker und verwandte Berufe, onA"
5141,514,"Coiffeurs"
5142,514,"Kosmetiker und verwandte Berufe"
5150,515,"Hauswarte und Hauswirtschaftsleiter, onA"
5151,515,"Reinigungs- und Hauswirtschaftleiter und -kräfte in Büros, Hotels und anderen Einrichtungen"
5152,515,"Hauswirtschafter in Privathaushalten"
5153,515,"Hauswarte"
5160,516,"Sonstige Berufe im Bereich personenbezogener Dienstleistungen, onA"
5161,516,"Astrologen, Wahrsager und verwandte Berufe"
5162,516,"Gesellschafter und Zofen/Kammerdiener"
5163,516,"Bestatter und Einbalsamierer"
5164,516,"Tierpfleger und -betreuer"
5165,516,"Fahrschullehrer"
5169,516,"Berufe im Bereich personenbezogener Dienstleistungen, anderweitig nicht genannt"
5200,520,"Verkaufskräfte, onA"
5210,521,"Strassen- und Marktverkäufer, onA"
5211,521,"Verkaufsstand- und Marktverkäufer"
5212,521,"Strassenverkäufer von Lebensmitteln"
5220,522,"Verkaufskräfte in Handelsgeschäften, onA"
5221,522,"Leiter eines Einzelhandelsgeschäftes"
5222,522,"Verkaufsaufsichtskräfte in Handelsgeschäften"
5223,522,"Verkäufer  in Handelsgeschäften"
5230,523,"Kassierer und Kartenverkäufer"
5240,524,"Sonstige Verkaufskräfte, onA"
5241,524,"Mannequins/Dressmen und sonstige Modelle"
5242,524,"Produktvorführer"
5243,524,"Haustürverkäufer"
5244,524,"Telefonverkäufer"
5245,524,"Tankwarte"
5246,524,"Imbissverkäufer"
5249,524,"Verkaufskräfte, anderweitig nicht genannt"
5300,530,"Betreuungsberufe, onA"
5310,531,"Kinder- und Lernbetreuer, onA"
5311,531,"Kinderbetreuer"
5312,531,"Lernbetreuer"
5320,532,"Betreuungsberufe im Gesundheitswesen, onA"
5321,532,"Pflegehelfer in Institutionen"
5322,532,"Haus- und Familienpfleger und -betreuer"
5329,532,"Betreuungsberufe im Gesundheitswesen, anderweitig nicht genannt"
5410,541,"Schutzkräfte und Sicherheitsbedienstete, onA"
5411,541,"Feuerwehrleute"
5412,541,"Polizisten (ohne Polizeikommissare)"
5413,541,"Gefängnisaufseher"
5414,541,"Sicherheitsdienstleistungspersonal"
5419,541,"Schutzkräfte und Sicherheitsbedienstete, anderweitig nicht genannt"
6000,600,"Fachkräfte in Land- und Forstwirtschaft und Fischerei, onA"
6100,610,"Fachkräfte in der Landwirtschaft, onA"
6110,611,"Gärtner und Ackerbauern, onA"
6111,611,"Gemüseanbauer"
6112,611,"Obst- und Beerenanbauer"
6113,611,"Gärtner, Gartenbau und Pflanzenproduktion"
6114,611,"Fachkräfte in der Mischkulturlandwirtschaft"
6120,612,"Tierhalter, onA"
6121,612,"Nutztierhalter (ohne Geflügel) und Milchproduzenten"
6122,612,"Geflügelhalter"
6123,612,"Imker und Seidenraupenzüchter"
6129,612,"Tierhalter, anderweitig nicht genannt"
6130,613,"Landwirte mit Ackerbau und Tierhaltung (ohne ausgeprägten Schwerpunkt)"
6200,620,"Fachkräfte in Forstwirtschaft, Fischerei und Jagd – Marktproduktion, onA"
6210,621,"Forstarbeitskräfte und verwandte Berufe"
6220,622,"Fischer, Jäger und Fallensteller, onA"
6221,622,"Fachkräfte im Bereich Aquakultur"
6222,622,"Binnen- und Küstenfischer"
6223,622,"Hochseefischer"
6224,622,"Jäger und Fallensteller"
6300,630,"Landwirte, Fischer, Jäger und Sammler für den Eigenbedarf, onA"
6310,631,"Ackerbauern für den Eigenbedarf"
6320,632,"Nutztierhalter für den Eigenbedarf"
6330,633,"Ackerbauern und Nutztierhalter (ohne ausgeprägten Schwerpunkt) für den Eigenbedarf"
6340,634,"Fischer, Jäger, Fallensteller und Sammler für den Eigenbedarf"
7000,700,"Handwerks- und verwandte Berufe, onA"
7100,710,"Bau- und Ausbaufachkräfte sowie verwandte Berufe, ausgenommen Elektriker, onA"
7110,711,"Baukonstruktions- und verwandte Berufe, onA"
7111,711,"Rohbaufacharbeiter im Hochbau"
7112,711,"Maurer und verwandte Berufe"
7113,711,"Steinmetze, Steinspalter, -bearbeiter und Steinbildhauer"
7114,711,"Betonierer, Betonoberflächenfertiger und verwandte Berufe"
7115,711,"Zimmerleute, Bautischler, Storenmonteure, Bootbauer"
7119,711,"Baukonstruktions- und verwandte Berufe, anderweitig nicht genannt"
7120,712,"Ausbaufachkräfte und verwandte Berufe, onA"
7121,712,"Dachdecker"
7122,712,"Boden- und Fliesenleger"
7123,712,"Gipser, Trockenbauer"
7124,712,"Isolierer"
7125,712,"Glaser"
7126,712,"Bauspengler und Sanitär- und Heizungsinstallateure"
7127,712,"Klima-, Kälte, und Lüftungsanlagenbauer"
7130,713,"Maler, Gebäudereiniger und verwandte Berufe, onA"
7131,713,"Maler und verwandte Berufe"
7132,713,"Lackierer und verwandte Berufe"
7133,713,"Fassadenreiniger und Schornsteinfeger/Rauchfangkehrer"
7200,720,"Metallarbeiter, Mechaniker, Polymechaniker, Produktionsmechaniker und verwandte Berufe, onA"
7210,721,"Blechkaltverformer, Baumetallverformer, Former (für Metallguss), Schweisser, Anlagen- und Apparatebauer und verwandte Berufe, onA"
7211,721,"Former und Kernmacher (für Metallguss)"
7212,721,"Schweisser und Brennschneider"
7213,721,"Blechkaltverformer"
7214,721,"Baumetallverformer und Metallbauer"
7215,721,"Verspannungsmonteure und Seilspleisser"
7220,722,"Grobschmiede, Werkzeugmechaniker und verwandte Berufe, onA"
7221,722,"Grobschmiede, Hammerschmiede und Schmiedepresser"
7222,722,"Werkzeugmechaniker und verwandte Berufe"
7223,722,"Werkzeugmaschineneinrichter und -bediener"
7224,722,"Metallpolierer, Rundschleifer und Werkzeugschärfer"
7230,723,"Maschinenmechaniker und -schlosser, onA"
7231,723,"Kraftfahrzeugmechaniker und -schlosser"
7232,723,"Flugmotorenmechaniker und -schlosser"
7233,723,"Landmaschinen- und Industriemaschinenmechaniker und -schlosser"
7234,723,"Fahrradmechaniker und verwandte Berufe"
7300,730,"Präzisionshandwerker, Drucker und kunsthandwerkliche Berufe, onA"
7310,731,"Präzisionshandwerker und kunsthandwerkliche Berufe, onA"
7311,731,"Uhrmacher, Uhrenarbeiter, Mikromechaniker"
7312,731,"Musikinstrumentenbauer und -stimmer"
7313,731,"Schmuckwarenhersteller und Edelmetallbearbeiter"
7314,731,"Keramiker und verwandte Berufe"
7315,731,"Glasmacher, -schneider, -schleifer und -veredler"
7316,731,"Schildermaler, Dekormaler, Graveure und Ätzer"
7317,731,"Kunsthandwerkliche Berufe für Holz, Korbwaren und verwandte Materialien"
7318,731,"Kunsthandwerkliche Berufe für Textilien, Leder und verwandte Materialien"
7319,731,"Kunsthandwerkliche Berufe, anderweitig nicht genannt"
7320,732,"Druckhandwerker, onA"
7321,732,"Techniker in der Druckvorstufe"
7322,732,"Drucker"
7323,732,"Berufe in der Druckweiterverarbeitung und Buchbinder"
7400,740,"Elektriker und Elektroniker, onA"
7410,741,"Elektroinstallateure und -mechaniker, onA"
7411,741,"Bauelektriker und verwandte Berufe"
7412,741,"Automatiker und verwandte Berufe"
7413,741,"Elektroleitungsinstallateure und Wartungspersonal"
7420,742,"Installateure und Mechaniker für Elektronik und Telekommunikationstechnik, onA"
7421,742,"Elektroniker und Elektronik-Servicetechniker"
7422,742,"Installateure und Servicetechniker im Bereich Informations- und Kommunikationstechnik"
7500,750,"Berufe in der Nahrungsmittelverarbeitung, Holzverarbeitung und Bekleidungsherstellung und verwandte handwerkliche Fachkräfte, onA"
7510,751,"Berufe in der Nahrungsmittelverarbeitung und verwandte handwerkliche Fachkräfte, onA"
7511,751,"Metzger, Fischhändler und -verarbeiter und verwandte Berufe"
7512,751,"Bäcker, Konditoren und Konfektmacher"
7513,751,"Molkerei- und Käsereifachkräfte"
7514,751,"Obst- und Gemüsekonservierer und verwandte Berufe"
7515,751,"Nahrungsmittel- und Getränkekoster und -klassierer"
7516,751,"Tabakaufbereiter und Tabakwarenmacher"
7520,752,"Holzbearbeiter, Möbeltischler und verwandte Berufe, onA"
7521,752,"Holztrockner und -konservierer"
7522,752,"Möbeltischler und verwandte Berufe"
7523,752,"Einrichter und Bediener von Holzbearbeitungsmaschinen"
7530,753,"Berufe der Bekleidungsherstellung und verwandte Berufe, onA"
7531,753,"Herren- und Damenschneider, Kürschner und Hutmacher"
7532,753,"Schnittmustermacher und Zuschneider"
7533,753,"Näher, Sticker und verwandte Berufe"
7534,753,"Polsterer und verwandte Berufe"
7535,753,"Pelzveredler, Gerber und Fellzurichter"
7536,753,"Schuhmacher und verwandte Berufe"
7540,754,"Sonstige Handwerks- und verwandte Berufe, onA"
7541,754,"Taucher"
7542,754,"Sprengmeister und Sprengbeauftragte"
7543,754,"Produkttester und -klassierer (ohne Nahrungsmittel und Getränke)"
7544,754,"Kammerjäger und andere Schädlingsbekämpfungsberufe"
7549,754,"Handwerks- und verwandte Berufe, anderweitig nicht genannt"
8000,800,"Bediener von Anlagen und Maschinen und Montageberufe, onA"
8100,810,"Bediener stationärer Anlagen und Maschinen, onA"
8110,811,"Bediener von Anlagen für den Bergbau und die Mineralaufbereitung, onA"
8111,811,"Bergleute und Grubenarbeiter"
8112,811,"Bediener von Mineral- und Gesteinsaufbereitungsanlagen"
8113,811,"Tiefbohrer und verwandte Berufe"
8114,811,"Bediener von Maschinen zur Herstellung und Verarbeitung von Zement, Steinen und sonstigen Mineralien"
8120,812,"Bediener von Anlagen in der Metallerzeugung, -umformung und -veredlung, onA"
8121,812,"Bediener von Anlagen in der Metallerzeugung und -umformung"
8122,812,"Bediener von Anlagen zur Metallveredlung, Plattierung und Beschichtung von Metallen"
8130,813,"Bediener von Anlagen und Maschinen für chemische und fotografische Erzeugnisse, onA"
8131,813,"Bediener von Anlagen und Maschinen für chemische Erzeugnisse"
8132,813,"Bediener von Anlagen für fotografische Erzeugnisse"
8140,814,"Bediener von Maschinen zur Herstellung von Gummi-, Kunststoff- und Papierwaren, onA"
8141,814,"Bediener von Maschinen zur Herstellung von Gummiwaren"
8142,814,"Bediener von Maschinen zur Herstellung von Kunststoffwaren"
8143,814,"Bediener von Maschinen zur Herstellung von Papierwaren"
8150,815,"Bediener von Maschinen zur Herstellung von Textil-, Pelz- und Lederwaren, onA"
8151,815,"Bediener von Spinnstoffaufbereitungs-, Spinn- und Spulmaschinen"
8152,815,"Bediener von Web-, Strick- und Wirkmaschinen"
8153,815,"Bediener von Nähmaschinen"
8154,815,"Bediener von Bleich- und Färbemaschinen"
8155,815,"Bediener von Pelz- und Lederzurichtungs- und -vorbereitungsmaschinen"
8156,815,"Bediener von Maschinen zur Schuhherstellung und verwandte Berufe"
8157,815,"Bediener von Wäschereimaschinen"
8159,815,"Bediener von Maschinen zur Herstellung von Textil-, Pelz- und Lederwaren, anderweitig nicht genannt"
8160,816,"Bediener von Maschinen zur Herstellung von Nahrungs- und Genussmitteln"
8170,817,"Bediener von Anlagen zur Holzaufbereitung und Papierherstellung, onA"
8171,817,"Bediener von Anlagen zur Zellstoff- und Papierherstellung"
8172,817,"Bediener von Anlagen zur Holzaufbereitung"
8180,818,"Bediener sonstiger stationärer Anlagen und Maschinen, onA"
8181,818,"Bediener von Anlagen zur Glas- und Keramikherstellung"
8182,818,"Bediener von Dampfmaschinen und -kesseln"
8183,818,"Bediener von Verpackungs-, Abfüll- und Etikettiermaschinen"
8189,818,"Bediener stationärer Anlagen und Maschinen, anderweitig nicht genannt"
8200,820,"Montageberufe, onA"
8210,821,"Montageberufe, onA"
8211,821,"Berufe der Montage von mechanischen Bauteilen"
8212,821,"Berufe der Montage von elektrischen und elektronischen Geräten"
8219,821,"Montageberufe, anderweitig nicht genannt"
8300,830,"Fahrzeugführer und Bediener mobiler Anlagen, onA"
8310,831,"Lokomotivführer und verwandte Berufe, onA"
8311,831,"Lokomotivführer"
8312,831,"Bediener von Sicherungs-, Signal- und Leittechnik im Schienennetzbetrieb"
8320,832,"Kraftfahrzeugführer, onA"
8321,832,"Motorradfahrer"
8322,832,"Personenkraftwagen-, Taxi-, Kleintransporter- und Kleinbusfahrer"
8330,833,"Fahrer schwerer Lastkraftwagen und Busse, onA"
8331,833,"Busfahrer und Strassenbahnführer"
8332,833,"Fahrer schwerer Lastkraftwagen"
8340,834,"Bediener mobiler Anlagen, onA"
8341,834,"Führer von mobilen land- und forstwirtschaftlichen Maschinen"
8342,834,"Führer von Erdbewegungs- und verwandten Maschinen, Strassenbau und Baumaschinen"
8343,834,"Kranführer, Aufzugmaschinisten und Bediener verwandter Hebeeinrichtungen"
8344,834,"Gabelstaplerfahrer und verwandte Berufe"
8350,835,"Deckspersonal auf Schiffen und verwandte Berufe"
9000,900,"Hilfsarbeitskräfte, onA"
9100,910,"Reinigungspersonal und Hilfskräfte, onA"
9110,911,"Reinigungspersonal und Hilfskräfte in Privathaushalten, Hotels und Büros, onA"
9111,911,"Reinigungspersonal und Hilfskräfte in Privathaushalten"
9112,911,"Reinigungspersonal und Hilfskräfte in Büros, Hotels und anderen Einrichtungen"
9120,912,"Reinigungspersonal für Fahrzeuge, Fenster, Wäsche und sonstige manuelle Reinigungsberufe, onA"
9121,912,"Handwäscher und Handbügler"
9122,912,"Fahrzeugreiniger"
9123,912,"Fensterputzer"
9129,912,"Sonstiges Reinigungspersonal"
9210,921,"Hilfsarbeiter in der Land- und Forstwirtschaft und Fischerei, onA"
9211,921,"Hilfsarbeiter im Gemüse- und Obstbau"
9212,921,"Hilfsarbeiter in der Tierhaltung"
9213,921,"Hilfsarbeiter in Ackerbau und Tierhaltung (ohne ausgeprägten Schwerpunkt)"
9214,921,"Hilfsarbeiter im Gartenbau"
9215,921,"Hilfsarbeiter in der Forstwirtschaft"
9216,921,"Hilfsarbeiter in der Fischerei und Aquakultur"
9300,930,"Hilfsarbeiter im Bergbau, im Bau, bei der Herstellung von Waren und im Transportwesen, onA"
9310,931,"Hilfsarbeiter im Bergbau und im Bau, onA"
9311,931,"Hilfsarbeiter im Bergbau und in der Gewinnung von Steinen und Erden"
9312,931,"Hilfsarbeiter im Tiefbau"
9313,931,"Hilfsarbeiter im Hochbau"
9320,932,"Hilfsarbeiter bei der Herstellung von Waren, onA"
9321,932,"Verpacker"
9329,932,"Hilfsarbeiter bei der Herstellung von Waren, anderweitig nicht genannt"
9330,933,"Hilfsarbeiter in Transport und Lagerei, onA"
9331,933,"Führer von Handwagen und pedalbetriebenen Fahrzeugen"
9332,933,"Führer von Fahrzeugen und Maschinen mit Zugtierantrieb"
9333,933,"Frachtarbeiter und verwandte Berufe"
9334,933,"Regalbetreuer und -auffüller"
9410,941,"Hilfskräfte in der Nahrungsmittelzubereitung, onA"
9411,941,"Zubereiter von Fast Food und anderen Imbissen"
9412,941,"Hilfsköche und Küchengehilfen"
9500,950,"Strassenhändler und auf der Strasse arbeitende Dienstleistungskräfte, onA"
9510,951,"Auf der Strasse arbeitende Dienstleistungskräfte und verwandte Berufe"
9520,952,"Strassenverkäufer (ohne Lebensmittel)"
9600,960,"Abfallentsorgungsarbeiter und sonstige Hilfsarbeitskräfte, onA"
9610,961,"Abfallentsorgungsarbeiter, onA"
9611,961,"Arbeiter in der Abfall- und Wertstoffsammlung"
9612,961,"Arbeiter in der Abfallsortierung"
9613,961,"Strassenkehrer und verwandte Berufe"
9620,962,"Sonstige Hilfsarbeitskräfte, onA"
9621,962,"Boten, Paketauslieferer und Gepäckträger"
9622,962,"Gelegenheitsarbeiter"
9623,962,"Zählerableser, Automatenbefüller und -kassierer"
9624,962,"Wasserträger und Brennholzsammler"
9629,962,"Hilfsarbeitskräfte, anderweitig nicht genannt"
